, FPSA_3, TPSA, Wnu2.unity, WK.unity, Wlambda3.mass, Wnu2.mass, WK.mass, Weta3.volume, Gyration_Mean, Gyration_SD, SASA_Mean, SASA_SD, Potential_energy_Mean, Potential_energy_SD, Total_energy_Mean, Total_energy_SD,Variance
0,0.09361603020673802,0.1466996383773147,-0.2164428998723293,0.23964349517475084,0.26456134330960335,-0.19476124743398024,0.19332165693599154,0.19840329193985076,0.008466473258589456,0.04595537473499549,0.0006427340245677346,0.05802016336592166,-0.409401745238338,0.413128072321466,-0.40939759386870517,0.41150410815017946,5.06843422956529
1,0.3667849546399511,0.3200419729343733,0.2861699618674584,-0.27742087894604245,-0.34511290737604705,0.2614837729962187,-0.37008020282674314,-0.1398663223581385,-0.20564986024740098,-0.13969738691412736,-0.20980258436385993,-0.1294379780625552,-0.19360416070995795,0.17774902826677186,-0.1936310308735334,0.1761786329701844,2.6959986481036338
